id,user,uid,version,changeset,timestamp
4387940,slackline,2074701,15,52568923,2017-10-02T16:25:46Z
23178132,Warofdreams,26825,4,9815020,2011-11-13T15:51:43Z
26374076,Warofdreams,26825,4,9869066,2011-11-19T00:24:09Z
32143491,Warofdreams,26825,3,7057208,2011-01-23T01:27:51Z
37372457,twain,19735,2,10629653,2012-02-08T22:47:40Z
55546790,Yorvik Prestigitator,493595,5,37612968,2016-03-04T17:31:46Z
69414312,Warofdreams,26825,2,7053433,2011-01-22T19:42:29Z
91804261,twain,19735,1,6773379,2010-12-26T23:19:09Z
94998983,Warofdreams,26825,1,6960415,2011-01-13T19:10:00Z
96391543,Warofdreams,26825,1,7062903,2011-01-23T16:13:22Z
98213028,Warofdreams,26825,1,7186082,2011-02-04T19:29:17Z
101326977,Meersbrook,412560,1,7380298,2011-02-24T10:55:08Z
103447999,Warofdreams,26825,1,7507380,2011-03-09T19:32:42Z
105066460,confusedbuffalo,242345,2,51697271,2017-09-03T16:49:38Z
106446042,Warofdreams,26825,1,7709426,2011-03-29T19:56:30Z
108257684,Warofdreams,26825,1,7845763,2011-04-12T19:56:01Z
110444963,Warofdreams,26825,1,7978652,2011-04-26T19:37:06Z
112514306,Meersbrook,412560,1,8096955,2011-05-09T20:57:17Z
115393367,Warofdreams,26825,1,8274418,2011-05-28T19:01:57Z
117361543,Warofdreams,26825,1,8414768,2011-06-12T13:41:21Z
118335495,Warofdreams,26825,1,8484141,2011-06-19T14:59:43Z
120445818,Warofdreams,26825,1,8641335,2011-07-05T18:00:34Z
122028466,Warofdreams,26825,1,8748735,2011-07-17T14:51:12Z
123413489,Warofdreams,26825,1,8849834,2011-07-27T23:07:30Z
125101256,Warofdreams,26825,1,8952448,2011-08-07T22:13:10Z
127519130,alpha2424,358273,2,11740346,2012-05-29T17:54:57Z
129586659,alpha2424,358273,2,12249901,2012-07-16T19:08:21Z
132472976,Warofdreams,26825,1,9488684,2011-10-06T21:09:46Z
134964670,Warofdreams,26825,1,9672766,2011-10-27T22:33:02Z
136548753,Warofdreams,26825,1,9792573,2011-11-10T22:14:41Z
137331410,Nigel Greens,2020484,2,24313471,2014-07-23T14:52:20Z
139698071,Warofdreams,26825,1,10032631,2011-12-04T12:43:05Z
142399964,Warofdreams,26825,1,10181293,2011-12-22T17:48:22Z
146060276,Warofdreams,26825,1,10411214,2012-01-16T19:52:36Z
147950001,Warofdreams,26825,1,10531222,2012-01-29T16:11:40Z
149299409,Warofdreams,26825,2,11215425,2012-04-07T15:38:03Z
152133102,Warofdreams,26825,1,10803977,2012-02-26T23:09:30Z
154853678,Mot,79583,1,10965129,2012-03-13T10:48:51Z
158751060,alpha2424,358273,1,11242789,2012-04-09T18:09:35Z
168473653,Warofdreams,26825,1,11971330,2012-06-21T18:22:49Z
174014096,Warofdreams,26825,1,12580358,2012-08-02T00:05:44Z
206151330,Meersbrook,412560,1,15081151,2013-02-18T19:28:02Z
229997286,Mot,79583,1,16961548,2013-07-15T12:26:09Z
257101308,Meersbrook,412560,1,20066863,2014-01-18T14:26:03Z
292157508,Nigel Greens,2020484,1,24060077,2014-07-10T09:28:57Z
328043812,alpha2424,358273,1,28830839,2015-02-13T21:30:58Z
339956314,axc97c,456047,1,30407971,2015-04-22T16:03:56Z
361676817,Warofdreams,26825,1,32795792,2015-07-22T08:28:27Z
365506298,Warofdreams,26825,1,33310094,2015-08-13T11:18:44Z
370545108,Warofdreams,26825,1,34016468,2015-09-14T09:36:20Z
383068749,Warofdreams,26825,1,35611923,2015-11-27T14:00:38Z
387152040,Warofdreams,26825,1,36106213,2015-12-22T14:04:22Z
390607468,Warofdreams,26825,1,36483919,2016-01-10T14:30:57Z
398368301,Warofdreams,26825,1,37269749,2016-02-17T15:41:24Z
411134489,Warofdreams,26825,1,38651255,2016-04-17T20:20:10Z
415293296,Warofdreams,26825,1,39066720,2016-05-03T13:56:26Z
423417336,Warofdreams,26825,1,39861568,2016-06-07T13:35:41Z
431705514,Warofdreams,26825,1,40822214,2016-07-18T15:39:15Z
